-- phpMyAdmin SQL Dump
-- version 4.5.4.1deb2ubuntu2
-- http://www.phpmyadmin.net
--
-- Client :  localhost
-- Généré le :  Lun 28 Novembre 2022 à 13:38
-- Version du serveur :  5.7.22-0ubuntu0.16.04.1
-- Version de PHP :  7.0.30-0ubuntu0.16.04.1

-- Source : https://github.com/brianr852/Pokemon-Database

SET SQL_MODE = "NO_AUTO_VALUE_ON_ZERO";
SET time_zone = "+00:00";


/*!40101 SET @OLD_CHARACTER_SET_CLIENT=@@CHARACTER_SET_CLIENT */;
/*!40101 SET @OLD_CHARACTER_SET_RESULTS=@@CHARACTER_SET_RESULTS */;
/*!40101 SET @OLD_COLLATION_CONNECTION=@@COLLATION_CONNECTION */;
/*!40101 SET NAMES utf8mb4 */;

--
-- Base de données :  `pokemon`
--
CREATE DATABASE IF NOT EXISTS `pokemon` DEFAULT CHARACTER SET latin1 COLLATE latin1_swedish_ci;
USE `pokemon`;

-- --------------------------------------------------------

--
-- Structure de la table `pokemon`
--

CREATE TABLE `pokemon` (
  `pok_id` int(11) NOT NULL,
  `pok_name` varchar(79) NOT NULL,
  `pok_height` int(11) DEFAULT NULL,
  `pok_weight` int(11) DEFAULT NULL
) ENGINE=InnoDB DEFAULT CHARSET=utf8;

--
-- Contenu de la table `pokemon`
--

INSERT INTO `pokemon` (`pok_id`, `pok_name`, `pok_height`, `pok_weight`) VALUES
(1, 'bulbasaur', 7, 69),
(2, 'ivysaur', 10, 130),
(3, 'venusaur', 20, 1000),
(4, 'charmander', 6, 85),
(5, 'charmeleon', 11, 190),
(6, 'charizard', 17, 905),
(7, 'squirtle', 5, 90),
(8, 'wartortle', 10, 225),
(9, 'blastoise', 16, 855),
(10, 'caterpie', 3, 29),
(11, 'metapod', 7, 99),
(12, 'butterfree', 11, 320),
(13, 'weedle', 3, 32),
(14, 'kakuna', 6, 100),
(15, 'beedrill', 10, 295),
(16, 'pidgey', 3, 18),
(17, 'pidgeotto', 11, 300),
(18, 'pidgeot', 15, 395),
(19, 'rattata', 3, 35),
(20, 'raticate', 7, 185),
(21, 'spearow', 3, 20),
(22, 'fearow', 12, 380),
(23, 'ekans', 20, 69),
(24, 'arbok', 35, 650),
(25, 'pikachu', 4, 60),
(26, 'raichu', 8, 300),
(27, 'sandshrew', 6, 120),
(28, 'sandslash', 10, 295),
(29, 'nidoran-f', 4, 70),
(30, 'nidorina', 8, 200),
(31, 'nidoqueen', 13, 600),
(32, 'nidoran-m', 5, 90),
(33, 'nidorino', 9, 195),
(34, 'nidoking', 14, 620),
(35, 'clefairy', 6, 75),
(36, 'clefable', 13, 400),
(37, 'vulpix', 6, 99),
(38, 'ninetales', 11, 199),
(39, 'jigglypuff', 5, 55),
(40, 'wigglytuff', 10, 120),
(41, 'zubat', 8, 75),
(42, 'golbat', 16, 550),
(43, 'oddish', 5, 54),
(44, 'gloom', 8, 86),
(45, 'vileplume', 12, 186),
(46, 'paras', 3, 54),
(47, 'parasect', 10, 295),
(48, 'venonat', 10, 300),
(49, 'venomoth', 15, 125),
(50, 'diglett', 2, 8),
(51, 'dugtrio', 7, 333),
(52, 'meowth', 4, 42),
(53, 'persian', 10, 320),
(54, 'psyduck', 8, 196),
(55, 'golduck', 17, 766),
(56, 'mankey', 5, 280),
(57, 'primeape', 10, 320),
(58, 'growlithe', 7, 190),
(59, 'arcanine', 19, 1550),
(60, 'poliwag', 6, 124),
(61, 'poliwhirl', 10, 200),
(62, 'poliwrath', 13, 540),
(63, 'abra', 9, 195),
(64, 'kadabra', 13, 565),
(65, 'alakazam', 15, 480),
(66, 'machop', 8, 195),
(67, 'machoke', 15, 705),
(68, 'machamp', 16, 1300),
(69, 'bellsprout', 7, 40),
(70, 'weepinbell', 10, 64),
(71, 'victreebel', 17, 155),
(72, 'tentacool', 9, 455),
(73, 'tentacruel', 16, 550),
(74, 'geodude', 4, 200),
(75, 'graveler', 10, 1050),
(76, 'golem', 14, 3000),
(77, 'ponyta', 10, 300),
(78, 'rapidash', 17, 950),
(79, 'slowpoke', 12, 360),
(80, 'slowbro', 16, 785),
(81, 'magnemite', 3, 60),
(82, 'magneton', 10, 600),
(83, 'farfetchd', 8, 150),
(84, 'doduo', 14, 392),
(85, 'dodrio', 18, 852),
(86, 'seel', 11, 900),
(87, 'dewgong', 17, 1200),
(88, 'grimer', 9, 300),
(89, 'muk', 12, 300),
(90, 'shellder', 3, 40),
(91, 'cloyster', 15, 1325),
(92, 'gastly', 13, 1),
(93, 'haunter', 16, 1),
(94, 'gengar', 15, 405),
(95, 'onix', 88, 2100),
(96, 'drowzee', 10, 324),
(97, 'hypno', 16, 756),
(98, 'krabby', 4, 65),
(99, 'kingler', 13, 600),
(100, 'voltorb', 5, 104),
(101, 'electrode', 12, 666),
(102, 'exeggcute', 4, 25),
(103, 'exeggutor', 20, 1200),
(104, 'cubone', 4, 65),
(105, 'marowak', 10, 450),
(106, 'hitmonlee', 15, 498),
(107, 'hitmonchan', 14, 502),
(108, 'lickitung', 12, 655),
(109, 'koffing', 6, 10),
(110, 'weezing', 12, 95),
(111, 'rhyhorn', 10, 1150),
(112, 'rhydon', 19, 1200),
(113, 'chansey', 11, 346),
(114, 'tangela', 10, 350),
(115, 'kangaskhan', 22, 800),
(116, 'horsea', 4, 80),
(117, 'seadra', 12, 250),
(118, 'goldeen', 6, 150),
(119, 'seaking', 13, 390),
(120, 'staryu', 8, 345),
(121, 'starmie', 11, 800),
(122, 'mr-mime', 13, 545),
(123, 'scyther', 15, 560),
(124, 'jynx', 14, 406),
(125, 'electabuzz', 11, 300),
(126, 'magmar', 13, 445),
(127, 'pinsir', 15, 550),
(128, 'tauros', 14, 884),
(129, 'magikarp', 9, 100),
(130, 'gyarados', 65, 2350),
(131, 'lapras', 25, 2200),
(132, 'ditto', 3, 40),
(133, 'eevee', 3, 65),
(134, 'vaporeon', 10, 290),
(135, 'jolteon', 8, 245),
(136, 'flareon', 9, 250),
(137, 'porygon', 8, 365),
(138, 'omanyte', 4, 75),
(139, 'omastar', 10, 350),
(140, 'kabuto', 5, 115),
(141, 'kabutops', 13, 405),
(142, 'aerodactyl', 18, 590),
(143, 'snorlax', 21, 4600),
(144, 'articuno', 17, 554),
(145, 'zapdos', 16, 526),
(146, 'moltres', 20, 600),
(147, 'dratini', 18, 33),
(148, 'dragonair', 40, 165),
(149, 'dragonite', 22, 2100),
(150, 'mewtwo', 20, 1220),
(151, 'mew', 4, 40),
(152, 'chikorita', 9, 64),
(153, 'bayleef', 12, 158),
(154, 'meganium', 18, 1005),
(155, 'cyndaquil', 5, 79),
(156, 'quilava', 9, 190),
(157, 'typhlosion', 17, 795),
(158, 'totodile', 6, 95),
(159, 'croconaw', 11, 250),
(160, 'feraligatr', 23, 888),
(161, 'sentret', 8, 60),
(162, 'furret', 18, 325),
(163, 'hoothoot', 7, 212),
(164, 'noctowl', 16, 408),
(165, 'ledyba', 10, 108),
(166, 'ledian', 14, 356),
(167, 'spinarak', 5, 85),
(168, 'ariados', 11, 335),
(169, 'crobat', 18, 750),
(170, 'chinchou', 5, 120),
(171, 'lanturn', 12, 225),
(172, 'pichu', 3, 20),
(173, 'cleffa', 3, 30),
(174, 'igglybuff', 3, 10),
(175, 'togepi', 3, 15),
(176, 'togetic', 6, 32),
(177, 'natu', 2, 20),
(178, 'xatu', 15, 150),
(179, 'mareep', 6, 78),
(180, 'flaaffy', 8, 133),
(181, 'ampharos', 14, 615),
(182, 'bellossom', 4, 58),
(183, 'marill', 4, 85),
(184, 'azumarill', 8, 285),
(185, 'sudowoodo', 12, 380),
(186, 'politoed', 11, 339),
(187, 'hoppip', 4, 5),
(188, 'skiploom', 6, 10),
(189, 'jumpluff', 8, 30),
(190, 'aipom', 8, 115),
(191, 'sunkern', 3, 18),
(192, 'sunflora', 8, 85),
(193, 'yanma', 12, 380),
(194, 'wooper', 4, 85),
(195, 'quagsire', 14, 750),
(196, 'espeon', 9, 265),
(197, 'umbreon', 10, 270),
(198, 'murkrow', 5, 21),
(199, 'slowking', 20, 795),
(200, 'misdreavus', 7, 10),
(201, 'unown', 5, 50),
(202, 'wobbuffet', 13, 285),
(203, 'girafarig', 15, 415),
(204, 'pineco', 6, 72),
(205, 'forretress', 12, 1258),
(206, 'dunsparce', 15, 140),
(207, 'gligar', 11, 648),
(208, 'steelix', 92, 4000),
(209, 'snubbull', 6, 78),
(210, 'granbull', 14, 487),
(211, 'qwilfish', 5, 39),
(212, 'scizor', 18, 1180),
(213, 'shuckle', 6, 205),
(214, 'heracross', 15, 540),
(215, 'sneasel', 9, 280),
(216, 'teddiursa', 6, 88),
(217, 'ursaring', 18, 1258),
(218, 'slugma', 7, 350),
(219, 'magcargo', 8, 550),
(220, 'swinub', 4, 65),
(221, 'piloswine', 11, 558),
(222, 'corsola', 6, 50),
(223, 'remoraid', 6, 120),
(224, 'octillery', 9, 285),
(225, 'delibird', 9, 160),
(226, 'mantine', 21, 2200),
(227, 'skarmory', 17, 505),
(228, 'houndour', 6, 108),
(229, 'houndoom', 14, 350),
(230, 'kingdra', 18, 1520),
(231, 'phanpy', 5, 335),
(232, 'donphan', 11, 1200),
(233, 'porygon2', 6, 325),
(234, 'stantler', 14, 712),
(235, 'smeargle', 12, 580),
(236, 'tyrogue', 7, 210),
(237, 'hitmontop', 14, 480),
(238, 'smoochum', 4, 60),
(239, 'elekid', 6, 235),
(240, 'magby', 7, 214),
(241, 'miltank', 12, 755),
(242, 'blissey', 15, 468),
(243, 'raikou', 19, 1780),
(244, 'entei', 21, 1980),
(245, 'suicune', 20, 1870),
(246, 'larvitar', 6, 720),
(247, 'pupitar', 12, 1520),
(248, 'tyranitar', 20, 2020),
(249, 'lugia', 52, 2160),
(250, 'ho-oh', 38, 1990),
(251, 'celebi', 6, 50),
(252, 'treecko', 5, 50),
(253, 'grovyle', 9, 216),
(254, 'sceptile', 17, 522),
(255, 'torchic', 4, 25),
(256, 'combusken', 9, 195),
(257, 'blaziken', 19, 520),
(258, 'mudkip', 4, 76),
(259, 'marshtomp', 7, 280),
(260, 'swampert', 15, 819),
(261, 'poochyena', 5, 136),
(262, 'mightyena', 10, 370),
(263, 'zigzagoon', 4, 175),
(264, 'linoone', 5, 325),
(265, 'wurmple', 3, 36),
(266, 'silcoon', 6, 100),
(267, 'beautifly', 10, 284),
(268, 'cascoon', 7, 115),
(269, 'dustox', 12, 316),
(270, 'lotad', 5, 26),
(271, 'lombre', 12, 325),
(272, 'ludicolo', 15, 550),
(273, 'seedot', 5, 40),
(274, 'nuzleaf', 10, 280),
(275, 'shiftry', 13, 596),
(276, 'taillow', 3, 23),
(277, 'swellow', 7, 198),
(278, 'wingull', 6, 95),
(279, 'pelipper', 12, 280),
(280, 'ralts', 4, 66),
(281, 'kirlia', 8, 202),
(282, 'gardevoir', 16, 484),
(283, 'surskit', 5, 17),
(284, 'masquerain', 8, 36),
(285, 'shroomish', 4, 45),
(286, 'breloom', 12, 392),
(287, 'slakoth', 8, 240),
(288, 'vigoroth', 14, 465),
(289, 'slaking', 20, 1305),
(290, 'nincada', 5, 55),
(291, 'ninjask', 8, 120),
(292, 'shedinja', 8, 12),
(293, 'whismur', 6, 163),
(294, 'loudred', 10, 405),
(295, 'exploud', 15, 840),
(296, 'makuhita', 10, 864),
(297, 'hariyama', 23, 2538),
(298, 'azurill', 2, 20),
(299, 'nosepass', 10, 970),
(300, 'skitty', 6, 110),
(301, 'delcatty', 11, 326),
(302, 'sableye', 5, 110),
(303, 'mawile', 6, 115),
(304, 'aron', 4, 600),
(305, 'lairon', 9, 1200),
(306, 'aggron', 21, 3600),
(307, 'meditite', 6, 112),
(308, 'medicham', 13, 315),
(309, 'electrike', 6, 152),
(310, 'manectric', 15, 402),
(311, 'plusle', 4, 42),
(312, 'minun', 4, 42),
(313, 'volbeat', 7, 177),
(314, 'illumise', 6, 177),
(315, 'roselia', 3, 20),
(316, 'gulpin', 4, 103),
(317, 'swalot', 17, 800),
(318, 'carvanha', 8, 208),
(319, 'sharpedo', 18, 888),
(320, 'wailmer', 20, 1300),
(321, 'wailord', 145, 3980),
(322, 'numel', 7, 240),
(323, 'camerupt', 19, 2200),
(324, 'torkoal', 5, 804),
(325, 'spoink', 7, 306),
(326, 'grumpig', 9, 715),
(327, 'spinda', 11, 50),
(328, 'trapinch', 7, 150),
(329, 'vibrava', 11, 153),
(330, 'flygon', 20, 820),
(331, 'cacnea', 4, 513),
(332, 'cacturne', 13, 774),
(333, 'swablu', 4, 12),
(334, 'altaria', 11, 206),
(335, 'zangoose', 13, 403),
(336, 'seviper', 27, 525),
(337, 'lunatone', 10, 1680),
(338, 'solrock', 12, 1540),
(339, 'barboach', 4, 19),
(340, 'whiscash', 9, 236),
(341, 'corphish', 6, 115),
(342, 'crawdaunt', 11, 328),
(343, 'baltoy', 5, 215),
(344, 'claydol', 15, 1080),
(345, 'lileep', 10, 238),
(346, 'cradily', 15, 604),
(347, 'anorith', 7, 125),
(348, 'armaldo', 15, 682),
(349, 'feebas', 6, 74),
(350, 'milotic', 62, 1620),
(351, 'castform', 3, 8),
(352, 'kecleon', 10, 220),
(353, 'shuppet', 6, 23),
(354, 'banette', 11, 125),
(355, 'duskull', 8, 150),
(356, 'dusclops', 16, 306),
(357, 'tropius', 20, 1000),
(358, 'chimecho', 6, 10),
(359, 'absol', 12, 470),
(360, 'wynaut', 6, 140),
(361, 'snorunt', 7, 168),
(362, 'glalie', 15, 2565),
(363, 'spheal', 8, 395),
(364, 'sealeo', 11, 876),
(365, 'walrein', 14, 1506),
(366, 'clamperl', 4, 525),
(367, 'huntail', 17, 270),
(368, 'gorebyss', 18, 226),
(369, 'relicanth', 10, 234),
(370, 'luvdisc', 6, 87),
(371, 'bagon', 6, 421),
(372, 'shelgon', 11, 1105),
(373, 'salamence', 15, 1026),
(374, 'beldum', 6, 952),
(375, 'metang', 12, 2025),
(376, 'metagross', 16, 5500),
(377, 'regirock', 17, 2300),
(378, 'regice', 18, 1750),
(379, 'registeel', 19, 2050),
(380, 'latias', 14, 400),
(381, 'latios', 20, 600),
(382, 'kyogre', 45, 3520),
(383, 'groudon', 35, 9500),
(384, 'rayquaza', 70, 2065),
(385, 'jirachi', 3, 11),
(386, 'deoxys-normal', 17, 608),
(387, 'turtwig', 4, 102),
(388, 'grotle', 11, 970),
(389, 'torterra', 22, 3100),
(390, 'chimchar', 5, 62),
(391, 'monferno', 9, 220),
(392, 'infernape', 12, 550),
(393, 'piplup', 4, 52),
(394, 'prinplup', 8, 230),
(395, 'empoleon', 17, 845),
(396, 'starly', 3, 20),
(397, 'staravia', 6, 155),
(398, 'staraptor', 12, 249),
(399, 'bidoof', 5, 200),
(400, 'bibarel', 10, 315),
(401, 'kricketot', 3, 22),
(402, 'kricketune', 10, 255),
(403, 'shinx', 5, 95),
(404, 'luxio', 9, 305),
(405, 'luxray', 14, 420),
(406, 'budew', 2, 12),
(407, 'roserade', 9, 145),
(408, 'cranidos', 9, 315),
(409, 'rampardos', 16, 1025),
(410, 'shieldon', 5, 570),
(411, 'bastiodon', 13, 1495),
(412, 'burmy', 2, 34),
(413, 'wormadam-plant', 5, 65),
(414, 'mothim', 9, 233),
(415, 'combee', 3, 55),
(416, 'vespiquen', 12, 385),
(417, 'pachirisu', 4, 39),
(418, 'buizel', 7, 295),
(419, 'floatzel', 11, 335),
(420, 'cherubi', 4, 33),
(421, 'cherrim', 5, 93),
(422, 'shellos', 3, 63),
(423, 'gastrodon', 9, 299),
(424, 'ambipom', 12, 203),
(425, 'drifloon', 4, 12),
(426, 'drifblim', 12, 150),
(427, 'buneary', 4, 55),
(428, 'lopunny', 12, 333),
(429, 'mismagius', 9, 44),
(430, 'honchkrow', 9, 273),
(431, 'glameow', 5, 39),
(432, 'purugly', 10, 438),
(433, 'chingling', 2, 6),
(434, 'stunky', 4, 192),
(435, 'skuntank', 10, 380),
(436, 'bronzor', 5, 605),
(437, 'bronzong', 13, 1870),
(438, 'bonsly', 5, 150),
(439, 'mime-jr', 6, 130),
(440, 'happiny', 6, 244),
(441, 'chatot', 5, 19),
(442, 'spiritomb', 10, 1080),
(443, 'gible', 7, 205),
(444, 'gabite', 14, 560),
(445, 'garchomp', 19, 950),
(446, 'munchlax', 6, 1050),
(447, 'riolu', 7, 202),
(448, 'lucario', 12, 540),
(449, 'hippopotas', 8, 495),
(450, 'hippowdon', 20, 3000),
(451, 'skorupi', 8, 120),
(452, 'drapion', 13, 615),
(453, 'croagunk', 7, 230),
(454, 'toxicroak', 13, 444),
(455, 'carnivine', 14, 270),
(456, 'finneon', 4, 70),
(457, 'lumineon', 12, 240),
(458, 'mantyke', 10, 650),
(459, 'snover', 10, 505),
(460, 'abomasnow', 22, 1355),
(461, 'weavile', 11, 340),
(462, 'magnezone', 12, 1800),
(463, 'lickilicky', 17, 1400),
(464, 'rhyperior', 24, 2828),
(465, 'tangrowth', 20, 1286),
(466, 'electivire', 18, 1386),
(467, 'magmortar', 16, 680),
(468, 'togekiss', 15, 380),
(469, 'yanmega', 19, 515),
(470, 'leafeon', 10, 255),
(471, 'glaceon', 8, 259),
(472, 'gliscor', 20, 425),
(473, 'mamoswine', 25, 2910),
(474, 'porygon-z', 9, 340),
(475, 'gallade', 16, 520),
(476, 'probopass', 14, 3400),
(477, 'dusknoir', 22, 1066),
(478, 'froslass', 13, 266),
(479, 'rotom', 3, 3),
(480, 'uxie', 3, 3),
(481, 'mesprit', 3, 3),
(482, 'azelf', 3, 3),
(483, 'dialga', 54, 6830),
(484, 'palkia', 42, 3360),
(485, 'heatran', 17, 4300),
(486, 'regigigas', 37, 4200),
(487, 'giratina-altered', 45, 7500),
(488, 'cresselia', 15, 856),
(489, 'phione', 4, 31),
(490, 'manaphy', 3, 14),
(491, 'darkrai', 15, 505),
(492, 'shaymin-land', 2, 21),
(493, 'arceus', 32, 3200),
(494, 'victini', 4, 40),
(495, 'snivy', 6, 81),
(496, 'servine', 8, 160),
(497, 'serperior', 33, 630),
(498, 'tepig', 5, 99),
(499, 'pignite', 10, 555),
(500, 'emboar', 16, 1500),
(501, 'oshawott', 5, 59),
(502, 'dewott', 8, 245),
(503, 'samurott', 15, 946),
(504, 'patrat', 5, 116),
(505, 'watchog', 11, 270),
(506, 'lillipup', 4, 41),
(507, 'herdier', 9, 147),
(508, 'stoutland', 12, 610),
(509, 'purrloin', 4, 101),
(510, 'liepard', 11, 375),
(511, 'pansage', 6, 105),
(512, 'simisage', 11, 305),
(513, 'pansear', 6, 110),
(514, 'simisear', 10, 280),
(515, 'panpour', 6, 135),
(516, 'simipour', 10, 290),
(517, 'munna', 6, 233),
(518, 'musharna', 11, 605),
(519, 'pidove', 3, 21),
(520, 'tranquill', 6, 150),
(521, 'unfezant', 12, 290),
(522, 'blitzle', 8, 298),
(523, 'zebstrika', 16, 795),
(524, 'roggenrola', 4, 180),
(525, 'boldore', 9, 1020),
(526, 'gigalith', 17, 2600),
(527, 'woobat', 4, 21),
(528, 'swoobat', 9, 105),
(529, 'drilbur', 3, 85),
(530, 'excadrill', 7, 404),
(531, 'audino', 11, 310),
(532, 'timburr', 6, 125),
(533, 'gurdurr', 12, 400),
(534, 'conkeldurr', 14, 870),
(535, 'tympole', 5, 45),
(536, 'palpitoad', 8, 170),
(537, 'seismitoad', 15, 620),
(538, 'throh', 13, 555),
(539, 'sawk', 14, 510),
(540, 'sewaddle', 3, 25),
(541, 'swadloon', 5, 73),
(542, 'leavanny', 12, 205),
(543, 'venipede', 4, 53),
(544, 'whirlipede', 12, 585),
(545, 'scolipede', 25, 2005),
(546, 'cottonee', 3, 6),
(547, 'whimsicott', 7, 66),
(548, 'petilil', 5, 66),
(549, 'lilligant', 11, 163),
(550, 'basculin-red-striped', 10, 180),
(551, 'sandile', 7, 152),
(552, 'krokorok', 10, 334),
(553, 'krookodile', 15, 963),
(554, 'darumaka', 6, 375),
(555, 'darmanitan-standard', 13, 929),
(556, 'maractus', 10, 280),
(557, 'dwebble', 3, 145),
(558, 'crustle', 14, 2000),
(559, 'scraggy', 6, 118),
(560, 'scrafty', 11, 300),
(561, 'sigilyph', 14, 140),
(562, 'yamask', 5, 15),
(563, 'cofagrigus', 17, 765),
(564, 'tirtouga', 7, 165),
(565, 'carracosta', 12, 810),
(566, 'archen', 5, 95),
(567, 'archeops', 14, 320),
(568, 'trubbish', 6, 310),
(569, 'garbodor', 19, 1073),
(570, 'zorua', 7, 125),
(571, 'zoroark', 16, 811),
(572, 'minccino', 4, 58),
(573, 'cinccino', 5, 75),
(574, 'gothita', 4, 58),
(575, 'gothorita', 7, 180),
(576, 'gothitelle', 15, 440),
(577, 'solosis', 3, 10),
(578, 'duosion', 6, 80),
(579, 'reuniclus', 10, 201),
(580, 'ducklett', 5, 55),
(581, 'swanna', 13, 242),
(582, 'vanillite', 4, 57),
(583, 'vanillish', 11, 410),
(584, 'vanilluxe', 13, 575),
(585, 'deerling', 6, 195),
(586, 'sawsbuck', 19, 925),
(587, 'emolga', 4, 50),
(588, 'karrablast', 5, 59),
(589, 'escavalier', 10, 330),
(590, 'foongus', 2, 10),
(591, 'amoonguss', 6, 105),
(592, 'frillish', 12, 330),
(593, 'jellicent', 22, 1350),
(594, 'alomomola', 12, 316),
(595, 'joltik', 1, 6),
(596, 'galvantula', 8, 143),
(597, 'ferroseed', 6, 188),
(598, 'ferrothorn', 10, 1100),
(599, 'klink', 3, 210),
(600, 'klang', 6, 510),
(601, 'klinklang', 6, 810),
(602, 'tynamo', 2, 3),
(603, 'eelektrik', 12, 220),
(604, 'eelektross', 21, 805),
(605, 'elgyem', 5, 90),
(606, 'beheeyem', 10, 345),
(607, 'litwick', 3, 31),
(608, 'lampent', 6, 130),
(609, 'chandelure', 10, 343),
(610, 'axew', 6, 180),
(611, 'fraxure', 10, 360),
(612, 'haxorus', 18, 1055),
(613, 'cubchoo', 5, 85),
(614, 'beartic', 26, 2600),
(615, 'cryogonal', 11, 1480),
(616, 'shelmet', 4, 77),
(617, 'accelgor', 8, 253),
(618, 'stunfisk', 7, 110),
(619, 'mienfoo', 9, 200),
(620, 'mienshao', 14, 355),
(621, 'druddigon', 16, 1390),
(622, 'golett', 10, 920),
(623, 'golurk', 28, 3300),
(624, 'pawniard', 5, 102),
(625, 'bisharp', 16, 700),
(626, 'bouffalant', 16, 946),
(627, 'rufflet', 5, 105),
(628, 'braviary', 15, 410),
(629, 'vullaby', 5, 90),
(630, 'mandibuzz', 12, 395),
(631, 'heatmor', 14, 580),
(632, 'durant', 3, 330),
(633, 'deino', 8, 173),
(634, 'zweilous', 14, 500),
(635, 'hydreigon', 18, 1600),
(636, 'larvesta', 11, 288),
(637, 'volcarona', 16, 460),
(638, 'cobalion', 21, 2500),
(639, 'terrakion', 19, 2600),
(640, 'virizion', 20, 2000),
(641, 'tornadus-incarnate', 15, 630),
(642, 'thundurus-incarnate', 15, 610),
(643, 'reshiram', 32, 3300),
(644, 'zekrom', 29, 3450),
(645, 'landorus-incarnate', 15, 680),
(646, 'kyurem', 30, 3250),
(647, 'keldeo-ordinary', 14, 485),
(648, 'meloetta-aria', 6, 65),
(649, 'genesect', 15, 825),
(650, 'chespin', 4, 90),
(651, 'quilladin', 7, 290),
(652, 'chesnaught', 16, 900),
(653, 'fennekin', 4, 94),
(654, 'braixen', 10, 145),
(655, 'delphox', 15, 390),
(656, 'froakie', 3, 70),
(657, 'frogadier', 6, 109),
(658, 'greninja', 15, 400),
(659, 'bunnelby', 4, 50),
(660, 'diggersby', 10, 424),
(661, 'fletchling', 3, 17),
(662, 'fletchinder', 7, 160),
(663, 'talonflame', 12, 245),
(664, 'scatterbug', 3, 25),
(665, 'spewpa', 3, 84),
(666, 'vivillon', 12, 170),
(667, 'litleo', 6, 135),
(668, 'pyroar', 15, 815),
(669, 'flabebe', 1, 1),
(670, 'floette', 2, 9),
(671, 'florges', 11, 100),
(672, 'skiddo', 9, 310),
(673, 'gogoat', 17, 910),
(674, 'pancham', 6, 80),
(675, 'pangoro', 21, 1360),
(676, 'furfrou', 12, 280),
(677, 'espurr', 3, 35),
(678, 'meowstic-male', 6, 85),
(679, 'honedge', 8, 20),
(680, 'doublade', 8, 45),
(681, 'aegislash-shield', 17, 530),
(682, 'spritzee', 2, 5),
(683, 'aromatisse', 8, 155),
(684, 'swirlix', 4, 35),
(685, 'slurpuff', 8, 50),
(686, 'inkay', 4, 35),
(687, 'malamar', 15, 470),
(688, 'binacle', 5, 310),
(689, 'barbaracle', 13, 960),
(690, 'skrelp', 5, 73),
(691, 'dragalge', 18, 815),
(692, 'clauncher', 5, 83),
(693, 'clawitzer', 13, 353),
(694, 'helioptile', 5, 60),
(695, 'heliolisk', 10, 210),
(696, 'tyrunt', 8, 260),
(697, 'tyrantrum', 25, 2700),
(698, 'amaura', 13, 252),
(699, 'aurorus', 27, 2250),
(700, 'sylveon', 10, 235),
(701, 'hawlucha', 8, 215),
(702, 'dedenne', 2, 22),
(703, 'carbink', 3, 57),
(704, 'goomy', 3, 28),
(705, 'sliggoo', 8, 175),
(706, 'goodra', 20, 1505),
(707, 'klefki', 2, 30),
(708, 'phantump', 4, 70),
(709, 'trevenant', 15, 710),
(710, 'pumpkaboo-average', 4, 50),
(711, 'gourgeist-average', 9, 125),
(712, 'bergmite', 10, 995),
(713, 'avalugg', 20, 5050),
(714, 'noibat', 5, 80),
(715, 'noivern', 15, 850),
(716, 'xerneas', 30, 2150),
(717, 'yveltal', 58, 2030),
(718, 'zygarde', 50, 3050),
(719, 'diancie', 7, 88),
(720, 'hoopa', 5, 90),
(721, 'volcanion', 17, 1950),
(722, 'popplio', 0, 0);

-- --------------------------------------------------------

--
-- Structure de la table `pokemon_types`
--

CREATE TABLE `pokemon_types` (
  `pok_id` int(11) NOT NULL,
  `type_id` int(11) NOT NULL,
  `slot` int(11) NOT NULL
) ENGINE=InnoDB DEFAULT CHARSET=utf8;

--
-- Contenu de la table `pokemon_types`
--

INSERT INTO `pokemon_types` (`pok_id`, `type_id`, `slot`) VALUES
(16, 1, 1),
(17, 1, 1),
(18, 1, 1),
(19, 1, 1),
(20, 1, 1),
(21, 1, 1),
(22, 1, 1),
(39, 1, 1),
(40, 1, 1),
(52, 1, 1),
(53, 1, 1),
(83, 1, 1),
(84, 1, 1),
(85, 1, 1),
(108, 1, 1),
(113, 1, 1),
(115, 1, 1),
(128, 1, 1),
(132, 1, 1),
(133, 1, 1),
(137, 1, 1),
(143, 1, 1),
(161, 1, 1),
(162, 1, 1),
(163, 1, 1),
(164, 1, 1),
(174, 1, 1),
(190, 1, 1),
(203, 1, 1),
(206, 1, 1),
(216, 1, 1),
(217, 1, 1),
(233, 1, 1),
(234, 1, 1),
(235, 1, 1),
(241, 1, 1),
(242, 1, 1),
(263, 1, 1),
(264, 1, 1),
(276, 1, 1),
(277, 1, 1),
(287, 1, 1),
(288, 1, 1),
(289, 1, 1),
(293, 1, 1),
(294, 1, 1),
(295, 1, 1),
(298, 1, 1),
(300, 1, 1),
(301, 1, 1),
(327, 1, 1),
(333, 1, 1),
(335, 1, 1),
(351, 1, 1),
(352, 1, 1),
(396, 1, 1),
(397, 1, 1),
(398, 1, 1),
(399, 1, 1),
(400, 1, 1),
(424, 1, 1),
(427, 1, 1),
(428, 1, 1),
(431, 1, 1),
(432, 1, 1),
(440, 1, 1),
(441, 1, 1),
(446, 1, 1),
(463, 1, 1),
(474, 1, 1),
(486, 1, 1),
(493, 1, 1),
(504, 1, 1),
(505, 1, 1),
(506, 1, 1),
(507, 1, 1),
(508, 1, 1),
(519, 1, 1),
(520, 1, 1),
(521, 1, 1),
(531, 1, 1),
(572, 1, 1),
(573, 1, 1),
(585, 1, 1),
(586, 1, 1),
(626, 1, 1),
(627, 1, 1),
(628, 1, 1),
(648, 1, 1),
(659, 1, 1),
(660, 1, 1),
(661, 1, 1),
(667, 1, 2),
(668, 1, 2),
(676, 1, 1),
(694, 1, 2),
(695, 1, 2),
(56, 2, 1),
(57, 2, 1),
(62, 2, 2),
(66, 2, 1),
(67, 2, 1),
(68, 2, 1),
(106, 2, 1),
(107, 2, 1),
(214, 2, 2),
(236, 2, 1),
(237, 2, 1),
(256, 2, 2),
(257, 2, 2),
(286, 2, 2),
(296, 2, 1),
(297, 2, 1),
(307, 2, 1),
(308, 2, 1),
(391, 2, 2),
(392, 2, 2),
(447, 2, 1),
(448, 2, 1),
(453, 2, 2),
(454, 2, 2),
(475, 2, 2),
(499, 2, 2),
(500, 2, 2),
(532, 2, 1),
(533, 2, 1),
(534, 2, 1),
(538, 2, 1),
(539, 2, 1),
(559, 2, 2),
(560, 2, 2),
(619, 2, 1),
(620, 2, 1),
(638, 2, 2),
(639, 2, 2),
(640, 2, 2),
(647, 2, 2),
(652, 2, 2),
(674, 2, 1),
(675, 2, 1),
(701, 2, 1),
(6, 3, 2),
(12, 3, 2),
(16, 3, 2),
(17, 3, 2),
(18, 3, 2),
(21, 3, 2),
(22, 3, 2),
(41, 3, 2),
(42, 3, 2),
(83, 3, 2),
(84, 3, 2),
(85, 3, 2),
(123, 3, 2),
(130, 3, 2),
(142, 3, 2),
(144, 3, 2),
(145, 3, 2),
(146, 3, 2),
(149, 3, 2),
(163, 3, 2),
(164, 3, 2),
(165, 3, 2),
(166, 3, 2),
(169, 3, 2),
(176, 3, 2),
(177, 3, 2),
(178, 3, 2),
(187, 3, 2),
(188, 3, 2),
(189, 3, 2),
(193, 3, 2),
(198, 3, 2),
(207, 3, 2),
(225, 3, 2),
(226, 3, 2),
(227, 3, 2),
(249, 3, 2),
(250, 3, 2),
(267, 3, 2),
(276, 3, 2),
(277, 3, 2),
(278, 3, 2),
(279, 3, 2),
(284, 3, 2),
(291, 3, 2),
(333, 3, 2),
(334, 3, 2),
(357, 3, 2),
(373, 3, 2),
(384, 3, 2),
(396, 3, 2),
(397, 3, 2),
(398, 3, 2),
(414, 3, 2),
(415, 3, 2),
(416, 3, 2),
(425, 3, 2),
(426, 3, 2),
(430, 3, 2),
(441, 3, 2),
(458, 3, 2),
(468, 3, 2),
(469, 3, 2),
(472, 3, 2),
(519, 3, 2),
(520, 3, 2),
(521, 3, 2),
(527, 3, 2),
(528, 3, 2),
(561, 3, 2),
(566, 3, 2),
(567, 3, 2),
(580, 3, 2),
(581, 3, 2),
(587, 3, 2),
(627, 3, 2),
(628, 3, 2),
(629, 3, 2),
(630, 3, 2),
(641, 3, 1),
(642, 3, 2),
(645, 3, 2),
(661, 3, 2),
(662, 3, 2),
(663, 3, 2),
(666, 3, 2),
(701, 3, 2),
(714, 3, 1),
(715, 3, 1),
(717, 3, 2),
(1, 4, 2),
(2, 4, 2),
(3, 4, 2),
(13, 4, 2),
(14, 4, 2),
(15, 4, 2),
(23, 4, 1),
(24, 4, 1),
(29, 4, 1),
(30, 4, 1),
(31, 4, 1),
(32, 4, 1),
(33, 4, 1),
(34, 4, 1),
(41, 4, 1),
(42, 4, 1),
(43, 4, 2),
(44, 4, 2),
(45, 4, 2),
(48, 4, 2),
(49, 4, 2),
(69, 4, 2),
(70, 4, 2),
(71, 4, 2),
(72, 4, 2),
(73, 4, 2),
(88, 4, 1),
(89, 4, 1),
(92, 4, 2),
(93, 4, 2),
(94, 4, 2),
(109, 4, 1),
(110, 4, 1),
(167, 4, 2),
(168, 4, 2),
(169, 4, 1),
(211, 4, 2),
(269, 4, 2),
(315, 4, 2),
(316, 4, 1),
(317, 4, 1),
(336, 4, 1),
(406, 4, 2),
(407, 4, 2),
(434, 4, 1),
(435, 4, 1),
(451, 4, 1),
(452, 4, 1),
(453, 4, 1),
(454, 4, 1),
(543, 4, 2),
(544, 4, 2),
(545, 4, 2),
(568, 4, 1),
(569, 4, 1),
(590, 4, 2),
(591, 4, 2),
(690, 4, 1),
(691, 4, 1),
(27, 5, 1),
(28, 5, 1),
(31, 5, 2),
(34, 5, 2),
(50, 5, 1),
(51, 5, 1),
(74, 5, 2),
(75, 5, 2),
(76, 5, 2),
(95, 5, 2),
(104, 5, 1),
(105, 5, 1),
(111, 5, 1),
(112, 5, 1),
(194, 5, 2),
(195, 5, 2),
(207, 5, 1),
(208, 5, 2),
(220, 5, 2),
(221, 5, 2),
(231, 5, 1),
(232, 5, 1),
(246, 5, 2),
(247, 5, 2),
(259, 5, 2),
(260, 5, 2),
(290, 5, 2),
(322, 5, 2),
(323, 5, 2),
(328, 5, 1),
(329, 5, 1),
(330, 5, 1),
(339, 5, 2),
(340, 5, 2),
(343, 5, 1),
(344, 5, 1),
(383, 5, 1),
(389, 5, 2),
(423, 5, 2),
(443, 5, 2),
(444, 5, 2),
(445, 5, 2),
(449, 5, 1),
(450, 5, 1),
(464, 5, 1),
(472, 5, 1),
(473, 5, 2),
(529, 5, 1),
(530, 5, 1),
(536, 5, 2),
(537, 5, 2),
(551, 5, 1),
(552, 5, 1),
(553, 5, 1),
(618, 5, 1),
(622, 5, 1),
(623, 5, 1),
(645, 5, 1),
(660, 5, 2),
(718, 5, 2),
(74, 6, 1),
(75, 6, 1),
(76, 6, 1),
(95, 6, 1),
(111, 6, 2),
(112, 6, 2),
(138, 6, 1),
(139, 6, 1),
(140, 6, 1),
(141, 6, 1),
(142, 6, 1),
(185, 6, 1),
(213, 6, 2),
(219, 6, 2),
(222, 6, 2),
(246, 6, 1),
(247, 6, 1),
(248, 6, 1),
(299, 6, 1),
(304, 6, 2),
(305, 6, 2),
(306, 6, 2),
(337, 6, 1),
(338, 6, 1),
(345, 6, 1),
(346, 6, 1),
(347, 6, 1),
(348, 6, 1),
(369, 6, 2),
(377, 6, 1),
(408, 6, 1),
(409, 6, 1),
(410, 6, 1),
(411, 6, 1),
(438, 6, 1),
(464, 6, 2),
(476, 6, 1),
(524, 6, 1),
(525, 6, 1),
(526, 6, 1),
(557, 6, 2),
(558, 6, 2),
(564, 6, 2),
(565, 6, 2),
(566, 6, 1),
(567, 6, 1),
(639, 6, 1),
(688, 6, 1),
(689, 6, 1),
(696, 6, 1),
(697, 6, 1),
(698, 6, 1),
(699, 6, 1),
(703, 6, 1),
(719, 6, 1),
(10, 7, 1),
(11, 7, 1),
(12, 7, 1),
(13, 7, 1),
(14, 7, 1),
(15, 7, 1),
(46, 7, 1),
(47, 7, 1),
(48, 7, 1),
(49, 7, 1),
(123, 7, 1),
(127, 7, 1),
(165, 7, 1),
(166, 7, 1),
(167, 7, 1),
(168, 7, 1),
(193, 7, 1),
(204, 7, 1),
(205, 7, 1),
(212, 7, 1),
(213, 7, 1),
(214, 7, 1),
(265, 7, 1),
(266, 7, 1),
(267, 7, 1),
(268, 7, 1),
(269, 7, 1),
(283, 7, 1),
(284, 7, 1),
(290, 7, 1),
(291, 7, 1),
(292, 7, 1),
(313, 7, 1),
(314, 7, 1),
(347, 7, 2),
(348, 7, 2),
(401, 7, 1),
(402, 7, 1),
(412, 7, 1),
(413, 7, 1),
(414, 7, 1),
(415, 7, 1),
(416, 7, 1),
(451, 7, 2),
(469, 7, 1),
(540, 7, 1),
(541, 7, 1),
(542, 7, 1),
(543, 7, 1),
(544, 7, 1),
(545, 7, 1),
(557, 7, 1),
(558, 7, 1),
(588, 7, 1),
(589, 7, 1),
(595, 7, 1),
(596, 7, 1),
(616, 7, 1),
(617, 7, 1),
(632, 7, 1),
(636, 7, 1),
(637, 7, 1),
(649, 7, 1),
(664, 7, 1),
(665, 7, 1),
(666, 7, 1),
(92, 8, 1),
(93, 8, 1),
(94, 8, 1),
(200, 8, 1),
(292, 8, 2),
(302, 8, 2),
(353, 8, 1),
(354, 8, 1),
(355, 8, 1),
(356, 8, 1),
(425, 8, 1),
(426, 8, 1),
(429, 8, 1),
(442, 8, 1),
(477, 8, 1),
(478, 8, 2),
(479, 8, 2),
(487, 8, 1),
(562, 8, 1),
(563, 8, 1),
(592, 8, 2),
(593, 8, 2),
(607, 8, 1),
(608, 8, 1),
(609, 8, 1),
(622, 8, 2),
(623, 8, 2),
(679, 8, 2),
(680, 8, 2),
(681, 8, 2),
(708, 8, 1),
(709, 8, 1),
(710, 8, 1),
(711, 8, 1),
(720, 8, 2),
(81, 9, 2),
(82, 9, 2),
(205, 9, 2),
(208, 9, 1),
(212, 9, 2),
(227, 9, 1),
(303, 9, 1),
(304, 9, 1),
(305, 9, 1),
(306, 9, 1),
(374, 9, 1),
(375, 9, 1),
(376, 9, 1),
(379, 9, 1),
(385, 9, 1),
(395, 9, 2),
(410, 9, 2),
(411, 9, 2),
(436, 9, 1),
(437, 9, 1),
(448, 9, 2),
(462, 9, 2),
(476, 9, 2),
(483, 9, 1),
(485, 9, 2),
(530, 9, 2),
(589, 9, 2),
(597, 9, 2),
(598, 9, 2),
(599, 9, 1),
(600, 9, 1),
(601, 9, 1),
(624, 9, 2),
(625, 9, 2),
(632, 9, 2),
(638, 9, 1),
(649, 9, 2),
(679, 9, 1),
(680, 9, 1),
(681, 9, 1),
(707, 9, 1),
(4, 10, 1),
(5, 10, 1),
(6, 10, 1),
(37, 10, 1),
(38, 10, 1),
(58, 10, 1),
(59, 10, 1),
(77, 10, 1),
(78, 10, 1),
(126, 10, 1),
(136, 10, 1),
(146, 10, 1),
(155, 10, 1),
(156, 10, 1),
(157, 10, 1),
(218, 10, 1),
(219, 10, 1),
(228, 10, 2),
(229, 10, 2),
(240, 10, 1),
(244, 10, 1),
(250, 10, 1),
(255, 10, 1),
(256, 10, 1),
(257, 10, 1),
(322, 10, 1),
(323, 10, 1),
(324, 10, 1),
(390, 10, 1),
(391, 10, 1),
(392, 10, 1),
(467, 10, 1),
(485, 10, 1),
(494, 10, 2),
(498, 10, 1),
(499, 10, 1),
(500, 10, 1),
(513, 10, 1),
(514, 10, 1),
(554, 10, 1),
(555, 10, 1),
(607, 10, 2),
(608, 10, 2),
(609, 10, 2),
(631, 10, 1),
(636, 10, 2),
(637, 10, 2),
(643, 10, 2),
(653, 10, 1),
(654, 10, 1),
(655, 10, 1),
(662, 10, 1),
(663, 10, 1),
(667, 10, 1),
(668, 10, 1),
(721, 10, 1),
(7, 11, 1),
(8, 11, 1),
(9, 11, 1),
(54, 11, 1),
(55, 11, 1),
(60, 11, 1),
(61, 11, 1),
(62, 11, 1),
(72, 11, 1),
(73, 11, 1),
(79, 11, 1),
(80, 11, 1),
(86, 11, 1),
(87, 11, 1),
(90, 11, 1),
(91, 11, 1),
(98, 11, 1),
(99, 11, 1),
(116, 11, 1),
(117, 11, 1),
(118, 11, 1),
(119, 11, 1),
(120, 11, 1),
(121, 11, 1),
(129, 11, 1),
(130, 11, 1),
(131, 11, 1),
(134, 11, 1),
(138, 11, 2),
(139, 11, 2),
(140, 11, 2),
(141, 11, 2),
(158, 11, 1),
(159, 11, 1),
(160, 11, 1),
(170, 11, 1),
(171, 11, 1),
(183, 11, 1),
(184, 11, 1),
(186, 11, 1),
(194, 11, 1),
(195, 11, 1),
(199, 11, 1),
(211, 11, 1),
(222, 11, 1),
(223, 11, 1),
(224, 11, 1),
(226, 11, 1),
(230, 11, 1),
(245, 11, 1),
(258, 11, 1),
(259, 11, 1),
(260, 11, 1),
(270, 11, 1),
(271, 11, 1),
(272, 11, 1),
(278, 11, 1),
(279, 11, 1),
(283, 11, 2),
(318, 11, 1),
(319, 11, 1),
(320, 11, 1),
(321, 11, 1),
(339, 11, 1),
(340, 11, 1),
(341, 11, 1),
(342, 11, 1),
(349, 11, 1),
(350, 11, 1),
(363, 11, 2),
(364, 11, 2),
(365, 11, 2),
(366, 11, 1),
(367, 11, 1),
(368, 11, 1),
(369, 11, 1),
(370, 11, 1),
(382, 11, 1),
(393, 11, 1),
(394, 11, 1),
(395, 11, 1),
(400, 11, 2),
(418, 11, 1),
(419, 11, 1),
(422, 11, 1),
(423, 11, 1),
(456, 11, 1),
(457, 11, 1),
(458, 11, 1),
(484, 11, 1),
(489, 11, 1),
(490, 11, 1),
(501, 11, 1),
(502, 11, 1),
(503, 11, 1),
(515, 11, 1),
(516, 11, 1),
(535, 11, 1),
(536, 11, 1),
(537, 11, 1),
(550, 11, 1),
(564, 11, 1),
(565, 11, 1),
(580, 11, 1),
(581, 11, 1),
(592, 11, 1),
(593, 11, 1),
(594, 11, 1),
(647, 11, 1),
(656, 11, 1),
(657, 11, 1),
(658, 11, 1),
(688, 11, 2),
(689, 11, 2),
(690, 11, 2),
(692, 11, 1),
(693, 11, 1),
(721, 11, 2),
(1, 12, 1),
(2, 12, 1),
(3, 12, 1),
(43, 12, 1),
(44, 12, 1),
(45, 12, 1),
(46, 12, 2),
(47, 12, 2),
(69, 12, 1),
(70, 12, 1),
(71, 12, 1),
(102, 12, 1),
(103, 12, 1),
(114, 12, 1),
(152, 12, 1),
(153, 12, 1),
(154, 12, 1),
(182, 12, 1),
(187, 12, 1),
(188, 12, 1),
(189, 12, 1),
(191, 12, 1),
(192, 12, 1),
(251, 12, 2),
(252, 12, 1),
(253, 12, 1),
(254, 12, 1),
(270, 12, 2),
(271, 12, 2),
(272, 12, 2),
(273, 12, 1),
(274, 12, 1),
(275, 12, 1),
(285, 12, 1),
(286, 12, 1),
(315, 12, 1),
(331, 12, 1),
(332, 12, 1),
(345, 12, 2),
(346, 12, 2),
(357, 12, 1),
(387, 12, 1),
(388, 12, 1),
(389, 12, 1),
(406, 12, 1),
(407, 12, 1),
(413, 12, 2),
(420, 12, 1),
(421, 12, 1),
(455, 12, 1),
(459, 12, 1),
(460, 12, 1),
(465, 12, 1),
(470, 12, 1),
(492, 12, 1),
(495, 12, 1),
(496, 12, 1),
(497, 12, 1),
(511, 12, 1),
(512, 12, 1),
(540, 12, 2),
(541, 12, 2),
(542, 12, 2),
(546, 12, 1),
(547, 12, 1),
(548, 12, 1),
(549, 12, 1),
(556, 12, 1),
(585, 12, 2),
(586, 12, 2),
(590, 12, 1),
(591, 12, 1),
(597, 12, 1),
(598, 12, 1),
(640, 12, 1),
(650, 12, 1),
(651, 12, 1),
(652, 12, 1),
(672, 12, 1),
(673, 12, 1),
(708, 12, 2),
(709, 12, 2),
(710, 12, 2),
(711, 12, 2),
(25, 13, 1),
(26, 13, 1),
(81, 13, 1),
(82, 13, 1),
(100, 13, 1),
(101, 13, 1),
(125, 13, 1),
(135, 13, 1),
(145, 13, 1),
(170, 13, 2),
(171, 13, 2),
(172, 13, 1),
(179, 13, 1),
(180, 13, 1),
(181, 13, 1),
(239, 13, 1),
(243, 13, 1),
(309, 13, 1),
(310, 13, 1),
(311, 13, 1),
(312, 13, 1),
(403, 13, 1),
(404, 13, 1),
(405, 13, 1),
(417, 13, 1),
(462, 13, 1),
(466, 13, 1),
(479, 13, 1),
(522, 13, 1),
(523, 13, 1),
(587, 13, 1),
(595, 13, 2),
(596, 13, 2),
(602, 13, 1),
(603, 13, 1),
(604, 13, 1),
(618, 13, 2),
(642, 13, 1),
(644, 13, 2),
(694, 13, 1),
(695, 13, 1),
(702, 13, 1),
(63, 14, 1),
(64, 14, 1),
(65, 14, 1),
(79, 14, 2),
(80, 14, 2),
(96, 14, 1),
(97, 14, 1),
(102, 14, 2),
(103, 14, 2),
(121, 14, 2),
(122, 14, 1),
(124, 14, 2),
(150, 14, 1),
(151, 14, 1),
(177, 14, 1),
(178, 14, 1),
(196, 14, 1),
(199, 14, 2),
(201, 14, 1),
(202, 14, 1),
(203, 14, 2),
(238, 14, 2),
(249, 14, 1),
(251, 14, 1),
(280, 14, 1),
(281, 14, 1),
(282, 14, 1),
(307, 14, 2),
(308, 14, 2),
(325, 14, 1),
(326, 14, 1),
(337, 14, 2),
(338, 14, 2),
(343, 14, 2),
(344, 14, 2),
(358, 14, 1),
(360, 14, 1),
(374, 14, 2),
(375, 14, 2),
(376, 14, 2),
(380, 14, 2),
(381, 14, 2),
(385, 14, 2),
(386, 14, 1),
(433, 14, 1),
(436, 14, 2),
(437, 14, 2),
(439, 14, 1),
(475, 14, 1),
(480, 14, 1),
(481, 14, 1),
(482, 14, 1),
(488, 14, 1),
(494, 14, 1),
(517, 14, 1),
(518, 14, 1),
(527, 14, 1),
(528, 14, 1),
(561, 14, 1),
(574, 14, 1),
(575, 14, 1),
(576, 14, 1),
(577, 14, 1),
(578, 14, 1),
(579, 14, 1),
(605, 14, 1),
(606, 14, 1),
(648, 14, 2),
(655, 14, 2),
(677, 14, 1),
(678, 14, 1),
(686, 14, 2),
(687, 14, 2),
(720, 14, 1),
(87, 15, 2),
(91, 15, 2),
(124, 15, 1),
(131, 15, 2),
(144, 15, 1),
(215, 15, 2),
(220, 15, 1),
(221, 15, 1),
(225, 15, 1),
(238, 15, 1),
(361, 15, 1),
(362, 15, 1),
(363, 15, 1),
(364, 15, 1),
(365, 15, 1),
(378, 15, 1),
(459, 15, 2),
(460, 15, 2),
(461, 15, 2),
(471, 15, 1),
(473, 15, 1),
(478, 15, 1),
(582, 15, 1),
(583, 15, 1),
(584, 15, 1),
(613, 15, 1),
(614, 15, 1),
(615, 15, 1),
(646, 15, 2),
(698, 15, 2),
(699, 15, 2),
(712, 15, 1),
(713, 15, 1),
(147, 16, 1),
(148, 16, 1),
(149, 16, 1),
(230, 16, 2),
(329, 16, 2),
(330, 16, 2),
(334, 16, 1),
(371, 16, 1),
(372, 16, 1),
(373, 16, 1),
(380, 16, 1),
(381, 16, 1),
(384, 16, 1),
(443, 16, 1),
(444, 16, 1),
(445, 16, 1),
(483, 16, 2),
(484, 16, 2),
(487, 16, 2),
(610, 16, 1),
(611, 16, 1),
(612, 16, 1),
(621, 16, 1),
(633, 16, 2),
(634, 16, 2),
(635, 16, 2),
(643, 16, 1),
(644, 16, 1),
(646, 16, 1),
(691, 16, 2),
(696, 16, 2),
(697, 16, 2),
(704, 16, 1),
(705, 16, 1),
(706, 16, 1),
(714, 16, 2),
(715, 16, 2),
(718, 16, 1),
(197, 17, 1),
(198, 17, 1),
(215, 17, 1),
(228, 17, 1),
(229, 17, 1),
(248, 17, 2),
(261, 17, 1),
(262, 17, 1),
(274, 17, 2),
(275, 17, 2),
(302, 17, 1),
(318, 17, 2),
(319, 17, 2),
(332, 17, 2),
(342, 17, 2),
(359, 17, 1),
(430, 17, 1),
(434, 17, 2),
(435, 17, 2),
(442, 17, 2),
(452, 17, 2),
(461, 17, 1),
(491, 17, 1),
(509, 17, 1),
(510, 17, 1),
(551, 17, 2),
(552, 17, 2),
(553, 17, 2),
(559, 17, 1),
(560, 17, 1),
(570, 17, 1),
(571, 17, 1),
(624, 17, 1),
(625, 17, 1),
(629, 17, 1),
(630, 17, 1),
(633, 17, 1),
(634, 17, 1),
(635, 17, 1),
(658, 17, 2),
(675, 17, 2),
(686, 17, 1),
(687, 17, 1),
(717, 17, 1),
(35, 18, 1),
(36, 18, 1),
(39, 18, 2),
(40, 18, 2),
(122, 18, 2),
(173, 18, 1),
(174, 18, 2),
(175, 18, 1),
(176, 18, 1),
(183, 18, 2),
(184, 18, 2),
(209, 18, 1),
(210, 18, 1),
(280, 18, 2),
(281, 18, 2),
(282, 18, 2),
(298, 18, 2),
(303, 18, 2),
(439, 18, 2),
(468, 18, 1),
(546, 18, 2),
(547, 18, 2),
(669, 18, 1),
(670, 18, 1),
(671, 18, 1),
(682, 18, 1),
(683, 18, 1),
(684, 18, 1),
(685, 18, 1),
(700, 18, 1),
(702, 18, 2),
(703, 18, 2),
(707, 18, 2),
(716, 18, 1),
(719, 18, 2);

-- --------------------------------------------------------

--
-- Structure de la table `types`
--

CREATE TABLE `types` (
  `type_id` int(11) NOT NULL,
  `type_name` varchar(79) NOT NULL
) ENGINE=InnoDB DEFAULT CHARSET=utf8;

--
-- Contenu de la table `types`
--

INSERT INTO `types` (`type_id`, `type_name`) VALUES
(1, 'normal'),
(2, 'fighting'),
(3, 'flying'),
(4, 'poison'),
(5, 'ground'),
(6, 'rock'),
(7, 'bug'),
(8, 'ghost'),
(9, 'steel'),
(10, 'fire'),
(11, 'water'),
(12, 'grass'),
(13, 'electric'),
(14, 'psychic'),
(15, 'ice'),
(16, 'dragon'),
(17, 'dark'),
(18, 'fairy'),
(10001, 'unknown'),
(10002, 'shadow');

--
-- Index pour les tables exportées
--

--
-- Index pour la table `pokemon`
--
ALTER TABLE `pokemon`
  ADD PRIMARY KEY (`pok_id`);

--
-- Index pour la table `pokemon_types`
--
ALTER TABLE `pokemon_types`
  ADD PRIMARY KEY (`pok_id`,`slot`),
  ADD KEY `type_id` (`type_id`);

--
-- Index pour la table `types`
--
ALTER TABLE `types`
  ADD PRIMARY KEY (`type_id`);

--
-- AUTO_INCREMENT pour les tables exportées
--

--
-- AUTO_INCREMENT pour la table `pokemon`
--
ALTER TABLE `pokemon`
  MODIFY `pok_id` int(11) NOT NULL AUTO_INCREMENT, AUTO_INCREMENT=724;
--
-- AUTO_INCREMENT pour la table `types`
--
ALTER TABLE `types`
  MODIFY `type_id` int(11) NOT NULL AUTO_INCREMENT, AUTO_INCREMENT=10003;
--
-- Contraintes pour les tables exportées
--

--
-- Contraintes pour la table `pokemon_types`
--
ALTER TABLE `pokemon_types`
  ADD CONSTRAINT `pokemon_types_ibfk_1` FOREIGN KEY (`pok_id`) REFERENCES `pokemon` (`pok_id`),
  ADD CONSTRAINT `pokemon_types_ibfk_2` FOREIGN KEY (`type_id`) REFERENCES `types` (`type_id`);

/*!40101 SET CHARACTER_SET_CLIENT=@OLD_CHARACTER_SET_CLIENT */;
/*!40101 SET CHARACTER_SET_RESULTS=@OLD_CHARACTER_SET_RESULTS */;
/*!40101 SET COLLATION_CONNECTION=@OLD_COLLATION_CONNECTION */;
